time,clock_time,speed,grade,vo2_kg,vo2,vco2,rer,rr,vt_btps,ve,br,peto2,petco2,hr,ve_vo2,ve_vco2,excess_co2
0,11:46:29,4.5,1.1,24.8,1935,1703,0.88,23,2095,47.3,73.4,101,38,132,24.444444444444443,27.7745155607751,-204.18397932816538
11,11:46:40,4.5,1.1,23.6,1838,1760,0.96,23,2267,51.5,71,105,36,136,28.019586507072905,29.261363636363637,-74.68988030467904
14,11:46:43,4.5,1.1,23.5,1830,1746,0.95,21,2412,49.7,72,105,37,137,27.158469945355193,28.465063001145477,-80.14426229508194
17,11:46:46,4.7,1.1,23.4,1823,1745,0.96,21,2394,50.2,71.7,104,37,137,27.537026878771258,28.76790830945559,-74.66264399341753
20,11:46:49,4.7,1.1,23.6,1837,1798,0.98,19,2794,52.7,70.3,105,37,138,28.688078388677194,29.31034482758621,-38.17201959716931
23,11:46:52,4.6,1.1,21.9,1706,1615,0.95,21,2146,44.9,74.7,100,39,138,26.318874560375146,27.801857585139317,-86.14595545134807
25,11:46:54,4.6,1.1,20.1,1566,1446,0.92,24,1695,40,77.4,102,38,138,25.54278416347382,27.662517289073303,-110.80459770114953
28,11:46:57,4.8,1.1,25.2,1963,1786,0.91,21,2451,50.7,71.4,103,37,138,25.827814569536425,28.387458006718926,-161.04024452368822
31,11:47:00,4.8,1.1,26.5,2064,1874,0.91,23,2273,52.5,70.4,102,37,138,25.436046511627907,28.014941302027747,-172.50968992248067
33,11:47:02,4.8,1.1,28.7,2238,2068,0.92,24,2498,60.2,66.1,103,37,138,26.899016979445936,29.110251450676987,-157.0866845397677
36,11:47:05,4.8,1.1,23.9,1866,1801,0.97,24,2209,53.9,69.6,104,36,138,28.885316184351552,29.927817878956137,-62.73579849946418
38,11:47:07,4.6,1.1,24.3,1897,1816,0.96,21,2534,54.3,69.4,105,36,138,28.624143384290985,29.900881057268723,-77.5413811280971
40,11:47:09,4.5,1.1,20,1557,1524,0.98,30,1493,45.2,74.5,105,35,138,29.030186255619782,29.658792650918638,-32.300578034682076
42,11:47:11,4.8,1.1,26.2,2046,1895,0.93,36,1528,55.6,68.7,102,37,138,27.174975562072337,29.34036939313984,-139.85581622678387
45,11:47:14,5,1.1,27.7,2160,2062,0.95,18,3324,60.3,66.1,105,36,138,27.916666666666664,29.243452958292917,-93.5537037037036
48,11:47:17,4.8,1.1,24.5,1911,1757,0.92,24,2168,51.2,71.2,103,38,138,26.79225536368394,29.140580535002847,-141.58974358974365
49,11:47:18,5,1.1,22.8,1779,1701,0.96,42,1250,52.4,70.5,105,35,138,29.45474985947161,30.80540858318636,-74.58010118043853
52,11:47:21,4.8,1.1,20.4,1591,1466,0.92,25,1814,45.7,74.2,105,36,139,28.724072910119425,31.173260572987726,-115.17913262099319
54,11:47:23,5,1.1,30.1,2348,2159,0.92,25,2462,61.3,65.5,102,37,139,26.10732538330494,28.392774432607688,-173.7866269165247
56,11:47:25,4.6,1.1,26.4,2059,1893,0.92,25,2264,56.6,68.1,104,36,140,27.489072365225837,29.89963021658743,-152.61680427391934
59,11:47:28,5.1,1.1,24.4,1902,1738,0.91,25,2060,52.2,70.6,105,36,140,27.44479495268139,30.034522439585732,-149.85909568874877
61,11:47:30,5.1,1.1,27.4,2137,1932,0.9,25,2295,57.9,67.4,103,36,141,27.094057089377632,29.96894409937888,-185.3345811885822
64,11:47:33,4.8,1.1,27.6,2155,1932,0.9,24,2311,55.5,68.8,102,37,141,25.75406032482599,28.72670807453416,-199.9238979118329
67,11:47:36,5.1,1.1,23.7,1846,1674,0.91,21,2333,47.9,73,102,37,143,25.947995666305527,28.61409796893668,-155.97399783315268
69,11:47:38,4.8,1.1,30.9,2411,2084,0.86,26,2307,59.4,66.5,100,38,144,24.63708004977188,28.502879078694818,-282.6495230194939
72,11:47:41,4.8,1.1,28.6,2234,1974,0.88,24,2357,56.3,68.3,101,37,145,25.201432408236347,28.520770010131713,-229.740376007162
74,11:47:43,5.2,1.1,28.8,2244,1997,0.89,23,2526,57,67.9,101,37,145,25.40106951871658,28.542814221331998,-219.8123885918003
76,11:47:45,5.3,1.1,31.3,2439,2185,0.9,27,2411,64,63.9,102,36,146,26.240262402624026,29.290617848970253,-227.54817548175492
79,11:47:48,5.3,1.1,28.6,2232,2023,0.91,27,2223,59.5,66.5,104,36,147,26.65770609318996,29.41176470588235,-189.4296594982079
81,11:47:50,5.3,1.1,29,2265,2067,0.91,25,2446,60.9,65.7,103,37,147,26.887417218543046,29.46298984034833,-180.6913907284768
83,11:47:52,5.1,1.1,28.7,2237,1999,0.89,28,2056,56.6,68.1,101,37,147,25.301743406347786,28.31415707853927,-212.6785873938311
86,11:47:55,5,1.1,31.3,2441,2165,0.89,26,2378,62.6,64.7,101,37,148,25.645227365833676,28.914549653579677,-244.79311757476444
88,11:47:57,5.3,1.1,28,2182,1948,0.89,26,2217,57.6,67.6,102,36,148,26.397800183318058,29.568788501026695,-208.90559120073317
90,11:47:59,5.5,1.1,27.5,2145,1898,0.88,30,1952,59.5,66.5,103,36,148,27.73892773892774,31.348788198103264,-218.5575757575757
92,11:48:01,5.3,1.1,31,2417,2176,0.9,30,2115,63.5,64.3,103,36,148,26.272238311956972,29.18198529411765,-216.96979726934205
94,11:48:03,5.5,1.1,30.9,2412,2147,0.89,27,2366,63.9,64,104,36,148,26.492537313432834,29.76245924545878,-235.88515754560535
96,11:48:05,5.3,1.1,30.3,2361,2126,0.9,26,2411,63.2,64.4,103,36,149,26.76831850910631,29.727187206020698,-211.60948750529428
98,11:48:07,5.3,1.1,29.6,2308,2095,0.91,28,2254,64.1,63.9,104,35,149,27.772963604852684,30.59665871121718,-193.34272097053736
101,11:48:10,5.5,1.1,25.9,2020,1795,0.89,25,1956,49.7,72,103,36,149,24.603960396039604,27.688022284122564,-199.93811881188117
103,11:48:12,5.3,1.1,30.3,2365,2126,0.9,26,2403,61.9,65.1,103,36,150,26.173361522198732,29.115710253998117,-214.84735729386898
105,11:48:14,5.6,1.1,31.3,2441,2161,0.89,30,2238,67.1,62.2,104,35,150,27.48873412535846,31.050439611291065,-247.88201556739045
107,11:48:16,5.7,1.1,36.3,2833,2582,0.91,31,2397,75.3,57.6,102,37,150,26.579597599717612,29.163439194422928,-228.76173667490275
109,11:48:18,5.7,1.1,29.6,2306,2087,0.91,31,1992,61.9,65.1,103,36,151,26.843018213356462,29.659798754192618,-198.2016478751084
111,11:48:20,5.6,1.1,31.1,2428,2183,0.9,28,2239,62.2,65,100,38,150,25.617792421746294,28.492899679340358,-220.27800658978572
114,11:48:23,5.5,1.1,28.8,2248,1968,0.88,23,2418,55,69,99,39,150,24.466192170818506,27.947154471544714,-245.12455516014234
117,11:48:26,5.5,1.1,28.5,2225,1874,0.84,19,2670,49.9,71.9,96,39,150,22.42696629213483,26.627534685165422,-295.62876404494386
120,11:48:29,5.7,1.1,36.4,2841,2306,0.81,23,2663,61.7,65.2,94,40,150,21.717705033438932,26.75628794449263,-434.2520239352341
122,11:48:31,5.8,1.1,33.7,2632,2178,0.83,24,2433,59.3,66.6,95,40,150,22.530395136778115,27.22681359044995,-375.6884498480242
125,11:48:34,5.8,1.1,33.5,2611,2154,0.83,21,2791,57.5,67.6,95,40,150,22.022213711221752,26.694521819870012,-377.011872845653
128,11:48:37,5.6,1.1,28.7,2237,1824,0.82,19,2540,47.3,73.3,94,41,149,21.144389807778275,25.932017543859647,-336.7510058113544
131,11:48:40,5.6,1.1,33.7,2631,2081,0.79,22,2487,54.1,69.5,94,40,149,20.562523755226152,25.99711677078328,-435.02470543519576
134,11:48:43,5.8,1.1,34.3,2676,2132,0.8,21,2635,55.5,68.7,92,41,149,20.739910313901348,26.03189493433396,-433.41106128550064
136,11:48:45,5.8,1.1,32.9,2571,2080,0.81,22,2446,55,69,94,40,149,21.392454297938542,26.442307692307693,-397.2306495527032
139,11:48:48,5.8,1.1,37.4,2917,2319,0.79,26,2479,63.3,64.3,95,40,149,21.700377099760026,27.296248382923675,-475.406924922866
142,11:48:51,5.8,1.1,33.6,2619,2155,0.82,21,2869,59.1,66.7,96,39,149,22.56586483390607,27.424593967517403,-381.79457808323787
144,11:48:53,6,1.1,34.9,2726,2219,0.81,26,2292,60.1,66.2,95,40,149,22.046955245781366,27.084272194682292,-412.704695524578
147,11:48:56,6,1.1,31.8,2482,2048,0.83,23,2435,55.6,68.7,96,39,149,22.401289282836423,27.1484375,-358.1112006446415
150,11:48:59,6.1,1.1,33.4,2603,2156,0.83,16,3450,56.4,68.2,92,41,150,21.667306953515173,26.159554730983302,-370.2389550518633
153,11:49:02,6,1.1,35.2,2743,2162,0.79,26,2164,55.7,68.6,92,42,150,20.306234050309882,25.763182238667902,-457.9372949325557
155,11:49:04,6.2,1.1,37.5,2929,2329,0.8,23,2630,60.9,65.7,95,40,150,20.792079207920793,26.148561614426793,-477.0911573916012
158,11:49:07,6.2,1.1,34.3,2679,2181,0.81,22,2632,58.1,67.3,93,41,151,21.687196715192236,26.63915635029803,-405.4266517357223
162,11:49:11,5.8,1.1,27.2,2125,1573,0.74,17,2094,35,80.3,84,46,151,16.47058823529412,22.25047679593134,-408.6098823529412
164,11:49:13,6.2,1.1,40.7,3178,2422,0.76,24,2552,62.5,64.8,91,41,151,19.666456891126494,25.80511973575557,-576.1585903083701
167,11:49:16,6.2,1.1,39.1,3052,2410,0.79,24,2639,63.1,64.5,93,40,151,20.674967234600263,26.182572614107883,-506.95281782437746
169,11:49:18,6.1,1.1,39.2,3059,2490,0.81,23,2957,67,62.3,95,40,150,21.90258254331481,26.907630522088354,-463.16116377901267
172,11:49:21,6.2,1.1,33.6,2620,2182,0.83,23,2559,59.5,66.5,97,39,150,22.709923664122137,27.268560953253896,-364.77709923664133
175,11:49:24,6.2,1.1,33.5,2614,2171,0.83,22,2717,58.9,66.8,95,40,149,22.532517214996176,27.130354675264854,-367.92387146136184
178,11:49:27,6.2,1.1,36.9,2879,2295,0.8,20,2948,58.6,67,92,41,150,20.354289683918026,25.53376906318083,-465.53664466828764
180,11:49:29,6.2,1.1,37.9,2958,2353,0.8,23,2646,61.5,65.3,94,40,150,20.79107505070994,26.13684657883553,-481.25929682217725
183,11:49:32,6.5,1.1,38.6,3011,2444,0.81,24,2714,65.4,63.2,93,40,151,21.72035868482232,26.759410801963995,-460.2284955164398
186,11:49:35,6.3,1.1,29.5,2302,1892,0.82,20,2481,49.5,72.1,94,40,152,21.50304083405734,26.16279069767442,-336.97654213727196
189,11:49:38,6.3,1.1,34.3,2676,2140,0.8,20,2829,55.6,68.7,92,41,153,20.777279521674142,25.981308411214954,-428.6397608370703
191,11:49:40,6.3,1.1,34.3,2680,2146,0.8,21,2535,54.3,69.4,90,42,153,20.261194029850746,25.30288909599254,-427.5985074626865
195,11:49:44,6.5,1.1,37.6,2932,2331,0.8,18,3260,59.5,66.5,92,41,153,20.293315143246932,25.525525525525527,-477.80729877216913
198,11:49:47,6.3,1.1,36.1,2816,2241,0.8,21,2702,57.3,67.7,92,41,153,20.348011363636363,25.568942436412314,-457.59055397727275
200,11:49:49,6.5,1.1,40,3122,2492,0.8,22,2876,64.4,63.7,94,40,154,20.627802690582964,25.842696629213485,-502.8699551569507
203,11:49:52,6.6,1.1,39,3044,2453,0.81,25,2623,65.3,63.2,96,39,155,21.452036793692507,26.620464737056665,-476.2559132720105
205,11:49:54,6.6,1.1,34.5,2692,2194,0.81,23,2536,59,66.8,94,40,155,21.91679049034175,26.89152233363719,-405.87369985141163
207,11:49:56,6.6,1.1,39,3045,2533,0.83,32,2308,74.9,57.8,101,36,155,24.597701149425287,29.569680221081722,-425.91001642036144
209,11:49:58,6.6,1.1,36.6,2852,2413,0.85,28,2364,65.4,63.2,97,39,156,22.931276297335206,27.10319104848736,-371.42601683029443
212,11:50:01,6.5,1.1,32.8,2558,2144,0.84,23,2467,57.2,67.8,97,39,156,22.36121970289289,26.67910447761194,-346.9960906958561
214,11:50:03,6.6,1.1,41.5,3237,2655,0.82,27,2669,71.8,59.5,96,39,156,22.181031819586035,27.043314500941616,-477.3586654309547
216,11:50:05,6.8,1.1,43,3354,2852,0.85,27,3099,82.3,53.7,101,37,156,24.537865235539652,28.856942496493687,-426.8646392367323
219,11:50:08,6.6,1.1,40.2,3134,2792,0.89,26,3056,79,55.5,100,38,155,25.20740268028079,28.29512893982808,-304.67900446713475
221,11:50:10,6.6,1.1,32.3,2521,2190,0.87,23,2547,59.7,66.4,99,39,156,23.681078936929794,27.26027397260274,-287.54065846886147
223,11:50:12,6.9,1.1,36.8,2868,2393,0.83,28,2378,66.1,62.8,98,39,156,23.047419804741978,27.62223150856665,-396.33019525801956
226,11:50:15,6.9,1.1,36.5,2846,2371,0.83,24,2608,63.1,64.5,96,40,156,22.171468728039354,26.613243357233234,-395.7220660576247
229,11:50:18,6.8,1.1,35.8,2795,2318,0.83,21,2875,60.9,65.7,96,40,157,21.78890876565295,26.27264883520276,-395.59427549194993
231,11:50:20,6.8,1.1,38.3,2987,2427,0.81,24,2667,63,64.5,92,42,157,21.09139604954804,25.95797280593325,-455.01171744224985
234,11:50:23,7,1.1,34.2,2665,2189,0.82,21,2763,58,67.3,94,41,157,21.763602251407132,26.496116948378255,-390.98086303939954
237,11:50:26,6.8,1.1,33.5,2613,2076,0.79,20,2483,49.5,72.1,89,43,158,18.94374282433984,23.84393063583815,-426.64064293915044
240,11:50:29,7,1.1,43.2,3373,2627,0.78,24,2786,66.1,62.8,90,42,158,19.596798102579307,25.161781499809667,-581.0085976875184
242,11:50:31,7.1,1.1,39.4,3076,2461,0.8,22,2949,64.3,63.8,92,41,158,20.9037711313394,26.127590410402274,-492.03998699609883
245,11:50:34,7,1.1,36.6,2856,2271,0.8,22,2608,58.6,67,93,41,158,20.518207282913167,25.803610744165567,-465.1733193277312
248,11:50:37,6.8,1.1,38.8,3026,2414,0.8,22,2800,61.8,65.2,91,42,158,20.423000660938534,25.6006628003314,-488.2247191011236
251,11:50:40,7.1,1.1,39,3044,2461,0.81,18,3566,63.1,64.4,92,42,158,20.729303547963205,25.639983746444535,-471.3413272010512
254,11:50:43,7,1.1,40.6,3167,2502,0.79,24,2642,62.4,64.8,90,43,159,19.703189137985472,24.940047961630697,-525.3646984527945
256,11:50:45,7.1,1.1,35,2729,2209,0.81,23,2524,57.1,67.8,94,40,159,20.923415170392087,25.848800362154822,-420.91608647856356
259,11:50:48,7.3,1.1,43.5,3394,2732,0.8,22,3082,69.3,61,91,42,159,20.41838538597525,25.36603221083455,-532.8768414849733
262,11:50:51,7.1,1.1,40.6,3167,2536,0.8,21,3108,65.9,62.9,93,41,160,20.808335964635305,25.985804416403788,-505.27818124407963
265,11:50:54,7.3,1.1,40.3,3142,2594,0.83,22,3032,68.1,61.6,96,39,161,21.67409293443666,26.252891287586735,-452.42266072565235
268,11:50:57,7.1,1.1,36.6,2854,2366,0.83,21,2973,61.1,65.6,92,42,162,21.40854940434478,25.824175824175825,-404.5578135949545
270,11:50:59,7.3,1.1,39.7,3097,2529,0.82,22,2989,65,63.4,93,41,162,20.98805295447207,25.701858442071966,-463.8269292864061
273,11:51:02,7.4,1.1,39.9,3114,2546,0.82,22,2970,64.8,63.5,93,41,163,20.809248554913296,25.451688923802042,-464.3956326268467
276,11:51:05,7.1,1.1,37.4,2919,2375,0.81,20,2899,59,66.8,92,42,164,20.212401507365538,24.842105263157894,-442.6173347036656
279,11:51:08,7.4,1.1,40.8,3186,2597,0.82,21,3079,65.7,63,92,42,165,20.621468926553675,25.29842125529457,-480.1107972379159
281,11:51:10,7.1,1.1,43.2,3371,2762,0.82,24,2950,70.2,60.4,91,42,165,20.82468110353011,25.41636495293266,-498.9789380005932
284,11:51:13,7.6,1.1,41.5,3234,2660,0.82,23,2921,67.7,61.9,92,42,165,20.93382807668522,25.451127819548873,-472.121212121212
286,11:51:15,7.4,1.1,40.6,3166,2659,0.84,25,2816,69.8,60.7,96,40,165,22.046746683512318,26.250470101541932,-425.8095388502843
289,11:51:18,7.5,1.1,39.8,3101,2607,0.84,24,2769,66.2,62.7,94,41,165,21.347952273460173,25.393172228615267,-415.30409545307975
291,11:51:20,7.4,1.1,43,3352,2816,0.84,24,3022,72.2,59.3,95,41,165,21.539379474940333,25.639204545454543,-450.291169451074
294,11:51:23,7.4,1.1,40.2,3133,2638,0.84,25,2783,69.9,60.6,95,41,166,22.310884136610277,26.497346474601972,-416.79221193744024
296,11:51:25,7.5,1.1,38.5,3003,2507,0.83,23,2761,62.5,64.8,94,41,165,20.812520812520813,24.93019545273235,-414.07659007659004
299,11:51:28,7.5,1.1,40.1,3131,2683,0.86,24,3044,72.2,59.3,97,40,165,23.05972532737145,26.910175177040628,-383.89779623123604
301,11:51:30,7.5,1.1,40.7,3173,2729,0.86,26,2756,70.7,60.2,95,41,166,22.281752284903877,25.906925613777943,-381.870784746297
304,11:51:33,7.6,1.1,43.5,3395,2939,0.87,25,3042,76.7,56.8,97,40,166,22.592047128129604,26.097312010888057,-394.7522827687776
306,11:51:35,7.4,1.1,42.1,3282,2824,0.86,24,3085,75.2,57.6,98,39,167,22.91285801340646,26.628895184135978,-394.0865326020721
309,11:51:38,7.6,1.1,36.5,2846,2458,0.86,23,2916,65.8,63,97,40,167,23.120168657765284,26.76973148901546,-335.1033028812367
311,11:51:40,7.5,1.1,43.3,3377,2897,0.86,26,2826,74,58.3,95,41,167,21.912940479715726,25.54366586123576,-411.7737636955876
314,11:51:43,7.6,1.1,36.9,2879,2448,0.85,23,2712,62.6,64.7,93,42,167,21.74366099340049,25.5718954248366,-366.4772490448072
316,11:51:45,7.8,1.1,40.5,3162,2714,0.86,22,3090,69.2,61,94,42,167,21.884882985452247,25.497420781134856,-384.52624920936114
319,11:51:48,7.6,1.1,42.1,3285,2779,0.85,21,3216,68.7,61.3,91,43,168,20.91324200913242,24.721122706009357,-428.0590563165906
322,11:51:51,7.8,1.1,43.9,3425,2908,0.85,22,3391,73.5,58.6,94,42,168,21.45985401459854,25.275103163686385,-438.95941605839425
325,11:51:54,7.6,1.1,37.4,2921,2445,0.84,20,2845,56.9,67.9,90,44,168,19.479630263608353,23.2719836400818,-398.43204382060935
327,11:51:56,7.6,1.1,49,3825,3195,0.84,24,3308,78.8,55.6,93,42,168,20.60130718954248,24.663536776212833,-526.2352941176468
330,11:51:59,7.9,1.1,44,3429,2926,0.85,24,3229,76.6,56.9,96,40,168,22.33887430737824,26.179084073820913,-429.2149314669
333,11:52:02,7.9,1.1,43.2,3373,2924,0.87,23,3329,76.2,57.1,97,40,169,22.591165134894755,26.060191518467853,-389.23095167506654
335,11:52:04,8,1.1,44.7,3487,3037,0.87,25,3200,78.7,55.7,96,40,169,22.569544020648124,25.913730655251893,-391.92715801548593
338,11:52:07,7.9,1.1,44.5,3472,3024,0.87,24,3191,76.9,56.7,94,42,170,22.148617511520737,25.42989417989418,-390.1935483870966
340,11:52:09,8,1.1,41.5,3241,2857,0.88,23,3223,75.2,57.6,98,40,170,23.20271521135452,26.32131606580329,-338.5029311940757
342,11:52:11,7.9,1.1,46.2,3603,3184,0.88,27,3082,82.9,53.3,96,41,171,23.008603941160146,26.036432160804022,-370.2736608381906
345,11:52:14,8.1,1.1,40.4,3153,2754,0.87,24,3024,73.2,58.8,97,40,171,23.215984776403428,26.579520697167755,-348.50808753568026
347,11:52:16,8.1,1.1,46,3590,3130,0.87,27,2986,80,54.9,95,42,171,22.284122562674096,25.559105431309902,-401.05849582172686
349,11:52:18,8.1,1.1,41.5,3235,2848,0.88,26,2894,73.9,58.4,95,42,171,22.843894899536323,25.94803370786517,-340.70355486862445
352,11:52:21,8.1,1.1,36.2,2827,2460,0.87,21,2777,59.5,66.5,95,42,171,21.047046338875134,24.186991869918696,-319.35620799434037
355,11:52:24,8,1.1,42.9,3351,2936,0.88,25,2951,74.1,58.3,95,42,171,22.112802148612353,25.23841961852861,-363.60489406147417
357,11:52:26,8.3,1.1,43.1,3360,2947,0.88,27,2838,77.1,56.6,95,41,171,22.94642857142857,26.162198846284355,-362.2354166666669
360,11:52:29,8.1,1.1,40,3117,2837,0.91,20,3733,74.2,58.2,98,40,171,23.804940648059034,26.154388438491367,-254.8476098812962
362,11:52:31,8.4,1.1,39.5,3083,2688,0.87,25,2672,66.8,62.4,94,42,171,21.66720726565034,24.851190476190474,-344.39182614336687
365,11:52:34,8.1,1.1,46.1,3596,3119,0.87,26,3107,81,54.3,97,40,171,22.525027808676306,25.969862135299774,-413.7271968854284
367,11:52:36,8.3,1.1,43.3,3377,2944,0.87,25,2972,75.6,57.4,94,42,171,22.386733787385253,25.679347826086953,-377.48060408646734
369,11:52:38,8.1,1.1,44.1,3441,3003,0.87,26,2988,77.6,56.3,96,41,172,22.55158384190642,25.840825840825836,-382.2476024411508
371,11:52:40,8.4,1.1,47,3667,3206,0.87,27,3028,82.2,53.7,97,41,172,22.41614398691028,25.639426076107302,-403.0449959094626
374,11:52:43,8.1,1.1,45.4,3538,3166,0.89,28,2921,81.9,53.9,97,40,173,23.148671565856418,25.868603916614024,-332.8863764838893
376,11:52:45,8.4,1.1,42.8,3341,3017,0.9,27,2919,80,54.9,98,40,173,23.944926668662077,26.516407026847862,-292.57946722538145
378,11:52:47,8.4,1.1,45,3513,3135,0.89,29,2781,80.6,54.6,98,40,174,22.943353259322514,25.709728867623603,-337.3270708795899
380,11:52:49,8.5,1.1,47.5,3707,3301,0.89,29,2957,86.6,51.2,97,41,174,23.36120852441327,26.234474401696456,-361.5338548691666
382,11:52:51,8.5,1.1,41.4,3232,2918,0.9,28,2804,77.2,56.5,97,41,174,23.886138613861387,26.456477039067856,-283.4938118811883
385,11:52:54,8.1,1.1,42.1,3285,2935,0.89,24,3207,75.8,57.3,97,40,174,23.074581430745813,25.826235093696763,-312.709284627093
387,11:52:56,8.4,1.1,43.7,3412,3054,0.89,25,3063,77.2,56.5,96,41,175,22.626025791324736,25.27832351015062,-320.4372801875734
389,11:52:58,8.5,1.1,42.6,3326,2992,0.9,27,2855,77.5,56.3,97,41,175,23.301262778111845,25.9024064171123,-300.45941070354775
391,11:53:00,8.7,1.1,44.5,3474,3129,0.9,28,2850,80.7,54.6,96,41,175,23.229706390328154,25.79098753595398,-310.73834196891175
393,11:53:02,8.5,1.1,42.3,3301,3008,0.91,27,2886,79.1,55.5,96,42,175,23.96243562556801,26.29654255319149,-266.99303241441976
396,11:53:05,8.6,1.1,41,3200,2907,0.91,25,3046,75.2,57.6,98,40,176,23.5,25.86859305125559,-266.17218749999984
398,11:53:07,8.5,1.1,44.7,3488,3098,0.89,25,3056,76.1,57.1,95,42,176,21.81766055045871,24.56423499031633,-346.3933486238534
401,11:53:10,8.8,1.1,43.6,3399,3054,0.9,25,3180,79.8,55,98,40,176,23.477493380406,26.12966601178782,-309.98234774933826
403,11:53:12,8.6,1.1,42.9,3344,3000,0.9,24,3114,76.3,57,96,42,176,22.816985645933013,25.433333333333334,-308.6124401913876
405,11:53:14,8.8,1.1,47.2,3685,3299,0.9,26,3205,84.7,52.3,98,40,177,22.98507462686567,25.67444680206123,-345.56689280868386
408,11:53:17,8.7,1.1,43.8,3416,3092,0.91,27,3058,81.9,53.9,98,40,177,23.975409836065573,26.487710219922384,-293.26932084309146
410,11:53:19,8.7,1.1,50.6,3950,3560,0.9,26,3540,91.6,48.4,95,42,177,23.189873417721518,25.730337078651687,-351.49367088607596
412,11:53:21,8.7,1.1,45.9,3583,3266,0.91,27,3164,86.3,51.4,97,41,178,24.08596148478928,26.42375995101041,-288.9539492045774
414,11:53:23,8.8,1.1,44.4,3466,3204,0.92,27,3145,85,52.1,97,41,178,24.52394691286786,26.529338327091136,-242.19503750721287
417,11:53:26,8.6,1.1,47.4,3702,3405,0.92,27,3293,88.2,50.3,98,41,179,23.824959481361425,25.90308370044053,-273.1726094003243
419,11:53:28,8.9,1.1,42.9,3346,3095,0.93,25,3253,82,53.8,99,40,179,24.506873879258816,26.494345718901453,-232.17124925283906
421,11:53:30,8.8,1.1,46.5,3628,3328,0.92,26,3250,84.8,52.2,96,42,179,23.373759647188532,25.48076923076923,-275.1929437706726
424,11:53:33,8.8,1.1,45,3513,3219,0.92,23,3521,81.9,53.9,95,43,179,23.3134073441503,25.44268406337372,-269.39538855678893
426,11:53:35,8.9,1.1,42.3,3299,3004,0.91,23,3116,73,58.9,94,43,179,22.127917550772963,24.30093209054594,-268.6207941800544
429,11:53:38,8.9,1.1,48.4,3773,3426,0.91,26,3300,86.8,51.1,97,41,180,23.005565862708718,25.335668417980152,-315.08666843360743
431,11:53:40,8.9,1.1,45.5,3550,3292,0.93,26,3356,86.8,51.1,99,40,180,24.450704225352112,26.366950182260023,-239.24957746478867
434,11:53:43,8.9,1.1,38.1,2971,2573,0.87,23,2487,57.2,67.8,90,46,180,19.25277684281387,22.230858919549163,-344.6832716257154
436,11:53:45,9.1,1.1,50.9,3973,3567,0.9,29,3203,93.3,47.5,98,41,180,23.483513717593755,26.156433978132885,-364.51094890510967
438,11:53:47,9.1,1.1,48.1,3754,3472,0.93,30,3040,90.3,49.1,97,41,179,24.054342035162495,26.008064516129032,-260.8161960575385
440,11:53:49,9.2,1.1,44.8,3493,3253,0.93,30,2907,86.3,51.4,99,40,179,24.70655596908102,26.529357516138948,-223.50987689665044
442,11:53:51,8.9,1.1,42.4,3311,3085,0.93,27,3073,81.9,53.8,100,40,179,24.735729386892178,26.54781199351702,-210.57384475989147
444,11:53:53,9.2,1.1,44.9,3500,3215,0.92,28,3017,83.8,52.8,99,40,179,23.94285714285714,26.065318818040435,-261.792857142857
446,11:53:55,9.1,1.1,43.5,3391,3166,0.93,28,2974,83.4,53,99,40,179,24.594514892362138,26.342387871130768,-210.07077558242418
448,11:53:57,9.3,1.1,47.4,3695,3479,0.94,30,3028,91.3,48.6,99,40,180,24.709066305818673,26.243173325668295,-203.37320703653586
450,11:53:59,9.1,1.1,46.2,3601,3415,0.95,29,3108,90.5,49,99,41,180,25.13190780338795,26.50073206442167,-176.39266870313804
452,11:54:01,9.4,1.1,45.6,3554,3433,0.97,30,3047,90.1,49.3,100,40,180,25.351716375914464,26.245266530731136,-116.88041643218912
455,11:54:04,9.1,1.1,45.3,3536,3397,0.96,29,3128,89.4,49.6,100,40,180,25.282805429864254,26.317338828377984,-133.53591628959293
457,11:54:06,9.4,1.1,48.1,3749,3536,0.94,30,3015,90.9,48.8,98,41,181,24.246465724193122,25.707013574660635,-200.8983728994399
459,11:54:08,9.1,1.1,43.6,3403,3289,0.97,28,3134,86.6,51.2,98,41,181,25.44813399941228,26.33019154758285,-110.18101674992658
461,11:54:10,9.4,1.1,49.5,3862,3675,0.95,28,3437,95.9,46,99,41,181,24.831693423096844,26.0952380952381,-177.9453650958053
463,11:54:12,9.2,1.1,44.3,3458,3350,0.97,30,2979,88.9,49.9,100,40,182,25.7085020242915,26.537313432835823,-104.62695199537302
465,11:54:14,8.9,1.3,45.6,3556,3422,0.96,30,3059,92.2,48,100,40,182,25.928008998875143,26.943308007013446,-128.95050618672667
467,11:54:16,9.3,1.3,43.8,3415,3341,0.98,30,3036,92.5,47.9,102,39,182,27.086383601756957,27.686321460640524,-72.39648609077585
469,11:54:18,9.1,1.3,48.2,3760,3632,0.97,29,3335,96.7,45.5,100,40,183,25.71808510638298,26.62444933920705,-123.64255319148924
471,11:54:20,8.9,1.3,48.1,3752,3630,0.97,29,3286,94.8,46.6,100,41,183,25.26652452025586,26.11570247933884,-118.03304904051174
473,11:54:22,9.3,1.3,48.7,3796,3695,0.97,29,3386,99.1,44.2,99,41,183,26.106427818756586,26.820027063599458,-98.3126975763962
475,11:54:24,9.1,1.3,48,3742,3684,0.98,32,3084,99.5,43.9,102,39,184,26.590058792089792,27.008686210640608,-57.101015499732966
477,11:54:26,9.3,1.3,41.7,3253,3280,1.01,31,2930,91.6,48.4,103,39,185,28.15862280971411,27.92682926829268,27.224100830002953
479,11:54:28,9.2,1.6,45.8,3571,3513,0.98,28,3271,92.6,47.8,100,40,185,25.93111173340801,26.359237119271278,-57.05796695603476
481,11:54:30,9.2,2.1,38.5,3004,2974,0.99,27,2920,78.9,55.5,101,40,185,26.26498002663116,26.52992602555481,-29.700399467376883
483,11:54:32,9.4,2.1,52.6,4100,3917,0.96,30,3340,101.2,43,98,41,185,24.682926829268293,25.83609905539954,-174.83195121951212
485,11:54:34,9.1,2.1,48.1,3755,3624,0.96,33,2929,95.5,46.2,101,40,186,25.432756324900133,26.352097130242825,-126.42982689746987
487,11:54:36,9.1,2.1,49.3,3843,3776,0.98,32,3224,101.8,42.6,100,40,185,26.489721571688783,26.95974576271186,-65.83190215977083
489,11:54:38,9.1,2.1,48.9,3816,3744,0.98,30,3391,101.7,42.7,101,40,186,26.650943396226417,27.16346153846154,-70.64150943396226
491,11:54:40,9.2,2.1,48.4,3775,3740,0.99,29,3373,98.7,44.4,99,41,186,26.14569536423841,26.390374331550802,-34.67549668874153
493,11:54:42,8.9,2.1,47.5,3709,3724,1,32,3159,101.4,42.9,101,40,186,27.338905365327584,27.228786251342644,15.060663251550068
495,11:54:44,9.2,2.4,48,3745,3785,1.01,31,3305,101.7,42.7,102,40,187,27.156208277703605,26.869220607661823,40.4272363150867
497,11:54:46,8.9,2.4,51.1,3984,3962,0.99,30,3547,106.9,39.8,101,40,187,26.832329317269078,26.981322564361435,-21.878514056224958
499,11:54:48,9.1,2.4,46.4,3621,3704,1.02,31,3249,102.1,42.5,102,39,187,28.196630764982046,27.564794816414686,84.90251311792326
501,11:54:50,9.2,2.4,48.7,3803,3806,1,30,3455,102.6,42.2,101,40,187,26.97870102550618,26.95743562795586,3.002366552721469
503,11:54:52,9.1,2.4,47.6,3711,3746,1.01,32,3182,100.5,43.4,102,39,187,27.081649151172194,26.828617191671114,35.33009970358398
505,11:54:54,9.1,2.4,44.3,3459,3526,1.02,31,3142,96.2,45.8,103,38,187,27.81150621566927,27.28304027226319,68.29777392309916
506,11:54:55,8.9,2.4,54.1,4218,4178,0.99,33,3348,111.6,37.1,100,40,188,26.458036984352773,26.71134514121589,-39.620673304883894
508,11:54:57,9.1,2.4,48.2,3764,3794,1.01,32,3199,102.6,42.2,101,40,187,27.258235919234853,27.042698998418555,30.239107332624826
510,11:54:59,9.1,2.7,51.9,4050,4136,1.02,34,3451,115.7,34.8,103,39,187,28.567901234567902,27.973887814313347,87.8261728395064
512,11:55:01,9.2,2.8,50.6,3945,4029,1.02,33,3420,113.4,36.1,103,38,188,28.745247148288975,28.145941921072225,85.78859315589398
514,11:55:03,9.3,2.8,45.6,3559,3719,1.05,32,3275,104,41.4,103,39,188,29.221691486372574,27.964506587792417,167.19303175049163
516,11:55:05,9.3,2.8,47.6,3711,3818,1.03,33,3156,104.6,41.1,102,39,188,28.186472648881704,27.396542692509165,110.0851522500675
517,11:55:06,9.2,2.8,50.1,3912,4017,1.03,33,3282,108.8,38.7,103,39,188,27.811860940695297,27.08488922081155,107.81825153374211
519,11:55:08,9.3,2.8,45.2,3529,3606,1.02,34,3021,101.3,42.9,103,39,188,28.7050155851516,28.092068774265112,78.68007934259003
521,11:55:10,9.2,2.8,47.1,3674,3795,1.03,33,3182,104.9,40.9,103,38,188,28.55198693522047,27.641633728590254,124.9850299401196
523,11:55:12,9.3,2.8,50.6,3950,4007,1.01,31,3522,110.1,38,102,39,188,27.873417721518983,27.476915398053404,57.8225316455696
525,11:55:14,9.1,3.3,49.7,3878,3993,1.03,32,3463,111.1,37.4,103,39,188,28.64878803506962,27.823691460055095,118.41026302217597
526,11:55:15,9.3,3.3,49.3,3850,4004,1.04,34,3258,111.1,37.4,103,39,188,28.857142857142854,27.747252747252745,160.15999999999985
528,11:55:17,9.1,3.3,54.8,4278,4475,1.05,34,3708,125,29.6,103,39,187,29.2192613370734,27.932960893854748,206.07176250584416
530,11:55:19,9.4,3.3,52.7,4108,4328,1.05,34,3581,122.8,30.8,104,38,187,29.89289191820837,28.373382624768947,231.78188899707857
532,11:55:21,9.1,3.3,50.9,3970,4229,1.07,37,3231,118.2,33.4,104,38,188,29.773299748110833,27.94986994561362,275.896977329975
533,11:55:22,9.3,3.3,53.9,4207,4461,1.06,37,3389,126.3,28.8,104,38,188,30.021392916567624,28.312037659717554,269.33539339196614
535,11:55:24,9.1,3.3,52,4054,4285,1.06,34,3499,120,32.4,104,39,188,29.60039467192896,28.004667444574096,244.16255550074038
537,11:55:26,9.3,3.3,53.2,4150,4457,1.07,35,3599,126.3,28.9,104,39,189,30.433734939759034,28.337446713035675,329.71060240963834
538,11:55:27,9.1,3.3,50.7,3959,4315,1.09,37,3357,125.1,29.5,106,37,189,31.5988886082344,28.991888760139048,388.0121242738069
540,11:55:29,9.3,3.9,43.5,3391,3768,1.11,35,3089,107.8,39.3,107,36,190,31.79003243880861,28.609341825902337,418.913594809791
542,11:55:31,9.2,3.9,52.3,4080,4637,1.14,39,3308,128.9,27.4,105,38,190,31.59313725490196,27.798145352598667,633.0414215686278
543,11:55:32,9.1,3.9,57.6,4494,4776,1.06,38,3564,135.3,23.8,104,38,190,30.1068090787717,28.32914572864322,299.695594125501
545,11:55:34,9.3,3.9,52.7,4113,4445,1.08,39,3356,129.9,26.8,106,37,190,31.582786287381474,29.223847019122612,358.79893022125
546,11:55:35,9.1,3.9,52.9,4129,4489,1.09,37,3540,130.3,26.6,105,38,191,31.557277791232746,29.026509244820677,391.38774521675987
548,11:55:37,9.1,3.9,51.2,3997,4404,1.1,36,3451,124,30.2,106,38,191,31.02326745058794,28.15622161671208,448.44333249937426
550,11:55:39,9.1,3.9,52.4,4086,4424,1.08,37,3439,126.6,28.7,104,38,191,30.983847283406753,28.61663652802893,365.95986294664726
551,11:55:40,9.3,3.9,49.1,3833,4258,1.11,37,3292,122.7,30.9,105,38,191,32.01147925906601,28.81634570220761,472.1236629272107
560,11:55:49,9.3,4.2,50.7,3958,4295,1.08,37,3308,122.5,31,105,38,191,30.949974734714502,28.52153667054715,365.69353208691246
562,11:55:51,9.2,4.2,51.4,4013,4326,1.08,34,3499,120.7,32,105,38,191,30.07724894094194,27.90106333795654,337.412908048841
563,11:55:52,9.2,4.2,53.7,4193,4487,1.07,34,3671,126.6,28.7,104,38,191,30.193179108037207,28.21484287942946,314.6143572621031
565,11:55:54,9.2,4.2,55,4292,4583,1.07,36,3659,129.9,26.8,104,39,191,30.265610438024233,28.343879554876718,310.7299627213424
567,11:55:56,9.2,4.2,56.6,4412,4724,1.07,34,3887,131,26.2,104,39,191,29.69174977334542,27.7307366638442,334.0634632819583
568,11:55:57,8.9,4.2,53.7,4191,4553,1.09,38,3466,133.3,24.9,106,37,191,31.806251491290862,29.27739951680211,393.26795514197056
570,11:55:59,9.1,4.2,53.5,4172,4597,1.1,38,3470,133.5,24.8,106,38,192,31.999041227229146,29.040678703502284,468.29458293384505
571,11:56:00,9.2,4.7,55.7,4347,4908,1.13,41,3498,141.8,20.1,106,37,191,32.620197837589146,28.89160554197229,633.3995859213246
573,11:56:02,9.2,4.7,47,3667,4356,1.19,48,2874,136.8,22.9,110,34,191,37.30569948186529,31.404958677685954,818.4575947641124
574,11:56:03,9.2,4.7,55.5,4332,4953,1.14,49,3068,149.7,15.7,108,36,192,34.556786703601105,30.224106602059354,710.0214681440448
