t,rf,vt,ve,vo2_abs,vco2_abs,rer,vo2_rel,hr,pet_o2,pet_co2,phase,power,stage
-301,28.04,0.716,20.075,0.6646306676,0.4520953947,0.68,6.63,54,112,27,REST,0,1
-298,21.28,0.594,12.638,0.4004995999,0.27020009520000005,0.67,4,53,113,26,REST,0,1
-294,14.96,0.715,10.698,0.3354120345,0.2295456689,0.68,3.35,53,112,26,REST,0,1
-291,19.35,0.698,13.51,0.4762241842,0.3184980309,0.67,4.75,53,106,31,REST,0,1
-288,13.07,2.24,29.281,1.1166607231,0.8337604338,0.75,11.14,55,110,31,REST,0,1
-284,21.05,0.724,15.242,0.4552724104,0.3394492397,0.75,4.54,58,116,26,REST,0,1
-280,14.56,0.593,8.636,0.22497794070000002,0.1718101989,0.76,2.25,58,117,26,REST,0,1
-276,19.11,1.064,20.331,0.7043217545,0.5565069263,0.79,7.03,58,113,29,REST,0,1
-272,12,0.492,5.904,0.1532173953,0.11420630579999999,0.75,1.53,58,112,28,REST,0,1
-267,15,0.252,3.78,0.0774214937,0.0535207771,0.69,0.77,58,125,17,REST,0,1
-264,16.71,0.864,14.44,0.5378755324,0.3719149466,0.69,5.37,57,108,30,REST,0,1
-261,17.09,0.816,13.949,0.5384412612,0.3622940881,0.67,5.37,56,104,32,REST,0,1
-258,17.7,0.872,15.434,0.5767004942,0.38076139439999995,0.66,5.76,56,105,31,REST,0,1
-254,18.13,0.884,16.024,0.6268369426,0.419669351,0.67,6.26,55,106,31,REST,0,1
-250,17.96,0.93,16.707,0.6179994652,0.4157648947,0.67,6.17,55,107,30,REST,0,1
-248,18.63,0.831,15.484,0.5294494965000001,0.34901917650000003,0.66,5.28,54,108,29,REST,0,1
-245,18.63,0.913,17.012,0.5930624037,0.4053280962,0.68,5.92,54,107,31,REST,0,1
-240,17.54,0.831,14.579,0.48071604689999997,0.33149139229999997,0.69,4.8,54,110,28,REST,0,1
-237,16.67,0.801,13.35,0.4890626364,0.3491821755,0.71,4.88,54,109,30,REST,0,1
-233,18.13,0.77,13.958,0.5067980155,0.3575612665,0.71,5.06,54,108,30,REST,0,1
-231,16,0.73,11.68,0.38443850220000003,0.27502551540000003,0.72,3.84,53,110,29,REST,0,1
-227,17.86,0.712,12.714,0.4117335985,0.287955747,0.7,4.11,53,110,28,REST,0,1
-223,19.8,0.624,12.356,0.3669417289,0.249752164,0.68,3.66,52,114,26,REST,0,1
-221,18.87,0.854,16.113,0.5550463455,0.3920397545,0.71,5.54,52,106,32,REST,0,1
-219,22.9,0.535,12.252,0.36815001799999997,0.2478403296,0.67,3.67,51,112,27,REST,0,1
-216,18.4,0.682,12.552,0.34461449629999996,0.25668659580000003,0.74,3.44,51,113,27,REST,0,1
-212,16.04,1.279,20.519,0.7855617852000001,0.6138660598,0.78,7.84,55,108,33,REST,0,1
-207,18.46,0.858,15.84,0.4736014116,0.3533002024,0.75,4.73,58,116,26,REST,0,1
-204,19.8,0.669,13.248,0.3595623154,0.26910573,0.75,3.59,57,113,28,REST,0,1
-202,17.65,0.875,15.441,0.4619887145,0.3477986016,0.75,4.61,57,111,30,REST,0,1
-199,17.34,0.833,14.445,0.4766053261,0.3618033902,0.76,4.76,56,109,31,REST,0,1
-194,18.35,0.712,13.064,0.37613013139999996,0.279328871,0.74,3.75,56,114,27,REST,0,1
-192,16.48,0.816,13.451,0.40967490650000005,0.30203723650000003,0.74,4.09,54,111,30,REST,0,1
-187,17.29,0.886,15.32,0.4750038954,0.3535162471,0.74,4.74,53,110,30,REST,0,1
-184,16.22,0.701,11.368,0.3336747645,0.2389115744,0.72,3.33,52,112,27,REST,0,1
-180,18.46,0.688,12.702,0.36848303299999996,0.264458954,0.72,3.68,51,112,27,REST,0,1
-177,16.67,0.662,11.033,0.3040976164,0.2155754477,0.71,3.03,51,113,26,REST,0,1
-173,15.83,0.532,8.422,0.220282018,0.1518594278,0.69,2.2,51,115,25,REST,0,1
-170,16.22,0.771,12.503,0.4506547902,0.3185396308,0.71,4.5,51,108,30,REST,0,1
-167,17.39,0.742,12.904,0.4133271147,0.2874910249,0.7,4.13,51,111,28,REST,0,1
-163,19.05,0.756,14.4,0.46853202320000004,0.3257649189,0.7,4.68,51,109,29,REST,0,1
-160,21.13,0.665,14.049,0.41358077509999996,0.2819164588,0.68,4.13,51,114,26,REST,0,1
-158,19.54,0.796,15.557,0.5048646444,0.3549687533,0.7,5.04,51,109,30,REST,0,1
-155,20.07,0.712,14.288,0.42565919539999997,0.2939577117,0.69,4.25,51,111,28,REST,0,1
-150,18.75,0.74,13.875,0.4169552152,0.29611629019999997,0.71,4.16,52,112,28,REST,0,1
-148,20.98,0.693,14.538,0.4266097441,0.3022241913,0.71,4.26,52,113,27,REST,0,1
-145,19.35,0.755,14.613,0.4567527605,0.3278498958,0.72,4.56,53,111,29,REST,0,1
-141,17.7,0.716,12.673,0.38998540800000003,0.2795902331,0.72,3.89,53,112,27,REST,0,1
-138,17.91,0.772,13.827,0.4167469828,0.2974561016,0.71,4.16,53,112,27,REST,0,1
-135,18.24,0.716,13.058,0.3978721148,0.2835998535,0.71,3.97,54,108,30,REST,0,1
-131,18.24,0.673,12.274,0.3586073602,0.2463250988,0.69,3.58,54,115,25,REST,0,1
-128,20.98,0.636,13.343,0.4042832522,0.2817675833,0.7,4.03,54,109,30,REST,0,1
-126,19.67,0.697,13.711,0.4429763481,0.30597448759999996,0.69,4.42,54,109,29,REST,0,1
-123,19.29,0.696,13.428,0.4312943451,0.2984921727,0.69,4.3,54,111,27,REST,0,1
-118,17.96,0.644,11.569,0.33943515960000004,0.23093345210000002,0.68,3.39,54,114,25,REST,0,1
-114,13.25,0.721,9.55,0.3873917807,0.2668016416,0.69,3.87,54,98,35,REST,0,1
-111,18.02,0.733,13.207,0.5248115988,0.3496050393,0.67,5.24,54,104,32,REST,0,1
-109,18.81,0.629,11.831,0.4232183966,0.2865826493,0.68,4.22,56,109,29,REST,0,1
-106,18.52,0.714,13.222,0.4868445135,0.3365913608,0.69,4.86,58,107,31,REST,0,1
-101,16.85,0.706,11.899,0.43303321920000004,0.2925305233,0.68,4.32,59,109,29,REST,0,1
-97,17.29,0.776,13.418,0.4395237569,0.30133890939999997,0.69,4.39,60,110,28,REST,0,1
-94,18.13,0.773,14.012,0.4764805825,0.3203731528,0.67,4.76,59,107,30,REST,0,1
-91,18.81,0.728,13.693,0.4825061249,0.32793600159999997,0.68,4.82,58,106,30,REST,0,1
-89,17.49,0.745,13.032,0.4511532331,0.3092468753,0.69,4.5,57,110,28,REST,0,1
-84,18.4,0.74,13.62,0.47232658040000003,0.3208581494,0.68,4.71,57,107,30,REST,0,1
-82,19.29,0.712,13.736,0.47545941420000004,0.32376169650000003,0.68,4.75,57,107,31,REST,0,1
-79,17.65,0.732,12.918,0.5155495413,0.3554422137,0.69,5.15,56,104,33,REST,0,1
-74,17.19,0.747,12.842,0.4129063268,0.285591724,0.69,4.12,56,111,28,REST,0,1
-72,17.39,0.674,11.722,0.3394551186,0.2334719248,0.69,3.39,56,113,26,REST,0,1
-69,18.02,0.7,12.613,0.3942426572,0.2728479461,0.69,3.93,56,108,29,REST,0,1
-64,17.7,0.701,12.407,0.3794564547,0.2622082002,0.69,3.79,56,110,29,REST,0,1
-62,18.29,0.743,13.591,0.40330930389999997,0.2783785293,0.69,4.03,56,110,29,REST,0,1
-59,18.13,0.772,13.994,0.4312185895,0.3048580984,0.71,4.3,56,110,29,REST,0,1
-55,18.13,0.745,13.505,0.3838018404,0.2728778622,0.71,3.83,56,110,29,REST,0,1
-52,18.02,0.743,13.387,0.37775622449999996,0.2756810486,0.73,3.77,56,110,29,REST,0,1
-49,17.91,0.873,15.636,0.5108812211,0.3735622035,0.73,5.1,55,106,32,REST,0,1
-43,14.93,0.566,8.448,0.2807535369,0.2092073066,0.75,2.8,55,107,32,REST,0,1
-37,9.27,0.72,6.677,0.2110558566,0.16357090189999998,0.78,2.11,55,107,32,REST,0,1
-35,19.23,0.361,6.942,0.2620870482,0.1944789767,0.74,2.62,56,106,32,REST,0,1
-30,13.82,0.628,8.682,0.36531514870000004,0.2469373024,0.68,3.65,56,99,35,REST,0,1
-27,24.9,1.55,38.589,1.7299583296999999,1.1557166362,0.67,17.27,60,102,34,REST,0,1
-20,7.02,2.19,15.368,0.5381521598000001,0.4580324557,0.85,5.37,83,111,33,REST,0,1
-13,11.17,1.065,11.899,0.4490492178,0.36471811309999996,0.81,4.48,84,104,36,REST,0,1
-10,16.17,0.468,7.569,0.2876571323,0.20739038629999998,0.72,2.87,74,103,34,REST,0,1
-3,8.38,1.692,14.179,0.7204371973999999,0.5077397599,0.7,7.19,74,99,38,REST,0,1
0,17.54,1.655,29.035,1.283314443,0.9124436262000001,0.71,12.81,78,102,35,EXERCISE,130,2
4,15.35,1.938,29.739,1.2816524126,0.9002013524,0.7,12.79,84,101,35,EXERCISE,130,2
7,20.69,1.344,27.807,1.1793526729000001,0.8134916713,0.69,11.77,81,103,34,EXERCISE,130,2
10,19.87,1.153,22.907,0.9788713149,0.6758553203000001,0.69,9.77,77,102,34,EXERCISE,130,2
14,18.52,1.257,23.278,1.036590325,0.6919243701000001,0.67,10.35,80,99,35,EXERCISE,130,2
17,22.64,1.172,26.536,1.298475549,0.8332800554,0.64,12.96,81,97,35,EXERCISE,130,2
19,19.42,1.185,23.01,1.0652386402,0.6556410676000001,0.62,10.63,80,95,36,EXERCISE,130,2
22,25.32,0.843,21.342,1.1168166403,0.6506405033,0.58,11.15,81,94,35,EXERCISE,130,2
24,19.35,1.702,32.942,1.6770932521,1.0218045022,0.61,16.74,83,96,35,EXERCISE,130,2
27,19.54,1.603,31.329,1.4830292668,0.9247019769,0.62,14.8,83,98,34,EXERCISE,130,2
31,22.06,1.357,29.934,1.3188784221999998,0.82563524,0.63,13.16,85,102,32,EXERCISE,130,2
32,25.64,1.054,27.026,1.1778812459,0.7296203444,0.62,11.76,83,103,32,EXERCISE,130,2
36,15.87,1.094,17.365,0.8968261846000001,0.5348899285,0.6,8.95,82,93,37,EXERCISE,130,2
39,22.81,1.258,28.7,1.5812917602,0.9253516383,0.59,15.78,85,92,36,EXERCISE,130,2
41,57.14,0.513,29.314,1.6982153971,1.0041304767,0.59,16.95,87,89,37,EXERCISE,130,2
44,16.57,1.581,26.204,1.5348270965,0.8875756684,0.58,15.32,92,89,37,EXERCISE,130,2
46,20.91,2.161,45.178,2.4422318685,1.4035285938,0.57,24.37,94,93,35,EXERCISE,130,2
51,16.17,2.257,36.501,1.9101886801,1.1640790879,0.61,19.06,97,96,35,EXERCISE,130,2
53,22.22,1.368,30.4,1.5561653692,0.9239273485999999,0.59,15.53,99,96,35,EXERCISE,130,2
56,21.98,1.537,33.78,1.8308786143,1.0585756991000002,0.58,18.27,99,92,35,EXERCISE,130,2
59,17.44,1.549,27.017,1.6074419878000001,0.9312493177,0.58,16.04,103,89,38,EXERCISE,130,2
63,20,2.011,40.22,2.1568480131000003,1.2351774345,0.57,21.53,104,90,36,EXERCISE,130,2
66,21.51,2.245,48.28,2.5497083107,1.5181328705000001,0.6,25.45,101,93,36,EXERCISE,130,2
68,20.76,1.908,39.612,2.0443861316,1.2077381602000001,0.59,20.4,101,94,36,EXERCISE,130,2
73,11.98,2.848,34.108,1.7305471006,1.1260379965,0.65,17.27,102,95,37,EXERCISE,130,2
76,22.73,1.158,26.318,1.3063453252,0.8193133686,0.63,13.04,101,93,37,EXERCISE,130,2
78,21.51,1.725,37.097,2.0076367918,1.2245440061,0.61,20.04,98,90,38,EXERCISE,130,2
81,20.83,2.065,43.021,2.2952631349,1.4130658239,0.62,22.91,102,90,38,EXERCISE,130,2
85,21.35,1.777,37.943,2.1213123205,1.2688585711,0.6,21.17,103,92,37,EXERCISE,130,2
86,22.56,1.847,41.662,2.1778543167,1.3346116172,0.61,21.74,103,94,37,EXERCISE,130,2
90,23.17,1.929,44.687,2.437346185,1.5395103037,0.63,24.32,103,94,37,EXERCISE,130,2
92,23.26,1.918,44.605,2.3144186708000003,1.4830129887999999,0.64,23.1,104,96,37,EXERCISE,130,2
95,18.07,2.003,36.199,1.8308804663,1.2390361127,0.68,18.27,104,95,38,EXERCISE,130,2
98,29.13,1.681,48.961,2.3844602507,1.5330152879,0.64,23.8,106,97,36,EXERCISE,130,2
100,26.2,1.575,41.266,2.0534500111000002,1.3438124322,0.65,20.49,106,97,37,EXERCISE,130,2
103,24,1.633,39.192,1.9642449128000001,1.327071371,0.68,19.6,104,97,37,EXERCISE,130,2
105,21.74,2.19,47.609,2.2543255784,1.5112633535,0.67,22.5,102,98,37,EXERCISE,130,2
108,24,2.183,52.392,2.3075190692,1.6084394973,0.7,23.03,101,99,37,EXERCISE,130,2
110,22.9,2.214,50.702,2.2766068635,1.5978822287999999,0.7,22.72,104,99,37,EXERCISE,130,2
112,22.73,2.216,50.364,2.3106206028000003,1.5894891403,0.69,23.06,106,99,37,EXERCISE,130,2
115,21.35,2.232,47.658,2.4033849714,1.6806971951,0.7,23.99,106,97,38,EXERCISE,130,2
118,20.83,2.005,41.771,2.0789516296,1.47314634,0.71,20.75,104,98,38,EXERCISE,130,2
120,23.9,1.675,40.04,1.9755764397,1.3925070473,0.7,19.72,104,96,39,EXERCISE,130,2
124,24.29,1.718,41.733,2.0375605754,1.400477264,0.69,20.33,106,96,39,EXERCISE,130,2
125,25.1,1.968,49.406,2.5463451108,1.7546636048,0.69,25.41,105,96,38,EXERCISE,130,2
129,22.39,1.984,44.418,2.1058132651,1.4967489361,0.71,21.02,105,98,38,EXERCISE,130,2
132,21.98,1.933,42.484,2.0266697931,1.4398948731,0.71,20.23,105,97,39,EXERCISE,130,2
134,20.13,1.713,34.49,1.7138622578,1.2385268346,0.72,17.1,106,95,40,EXERCISE,130,2
137,28.17,2.018,56.845,2.7232723701,1.9324626211,0.71,27.18,106,98,38,EXERCISE,130,2
139,25.64,1.955,50.128,2.3232261942,1.6767516869,0.72,23.19,106,100,37,EXERCISE,130,2
140,24.69,2.515,62.099,2.6428150674,1.9370347065,0.73,26.38,106,103,36,EXERCISE,130,2
144,26.91,2.453,66,2.7489092876,2.0142782636,0.73,27.43,107,104,35,EXERCISE,130,2
146,24,3.042,73.008,2.9311099124,2.2364083073,0.76,29.25,108,107,34,EXERCISE,130,2
147,27.27,1.994,54.382,2.0319798569,1.5952261013,0.79,20.28,106,107,34,EXERCISE,130,2
151,24,1.804,43.296,1.7371608827,1.3710788854,0.79,17.34,106,104,36,EXERCISE,130,2
152,23.9,1.708,40.829,1.7926027897999999,1.3837998914,0.77,17.89,106,101,38,EXERCISE,130,2
156,24.69,2,49.383,2.2533951960999996,1.7115163649,0.76,22.49,107,99,39,EXERCISE,130,2
157,23.62,1.917,45.283,2.0805490897,1.5467907941,0.74,20.76,107,100,38,EXERCISE,130,2
161,15.38,1.981,30.477,1.4414601491,1.0601261802,0.74,14.39,107,91,42,EXERCISE,130,2
164,25.1,2.377,59.674,2.9820834785000003,2.0346061392,0.68,29.76,106,97,38,EXERCISE,130,2
167,25.64,2.166,55.538,2.4576106160999998,1.7615313766,0.72,24.53,107,101,37,EXERCISE,130,2
169,23.44,2.676,62.719,2.8819993851,2.0853912411,0.72,28.76,107,100,37,EXERCISE,130,2
171,21.51,2.373,51.032,2.2327430712,1.6622863881999999,0.74,22.28,108,101,37,EXERCISE,130,2
174,25.42,2.054,52.22,2.3130112272,1.6849258634,0.73,23.08,109,102,37,EXERCISE,130,2
176,24,1.873,44.952,1.9936676301,1.4869463378999999,0.75,19.9,107,101,37,EXERCISE,130,2
179,27.03,1.871,50.568,2.1391178214,1.5880283045,0.74,21.35,106,101,37,EXERCISE,130,2
183,18.93,2.211,41.849,2.0002494493,1.5070047516,0.75,19.96,108,99,39,EXERCISE,130,2
184,26.2,1.842,48.262,2.1976784781000003,1.6368996661000002,0.74,21.93,110,100,38,EXERCISE,130,2
186,24.69,1.901,46.938,2.2743305775,1.6171472261,0.71,22.7,109,98,39,EXERCISE,130,2
189,23.81,1.928,45.905,2.1340387716,1.6002850381,0.75,21.3,108,100,38,EXERCISE,130,2
191,23.9,1.901,45.442,2.1041095557,1.5830280181,0.75,21,108,99,38,EXERCISE,130,2
194,26.79,2.116,56.679,2.5840108584,1.9006850655,0.74,25.79,109,100,38,EXERCISE,130,2
196,25.97,1.985,51.558,2.2395939776000002,1.6425234561,0.73,22.35,109,102,36,EXERCISE,130,2
198,27.15,1.909,51.828,2.2629723032,1.7093738287000002,0.76,22.58,110,101,37,EXERCISE,130,2
201,26.09,2.038,53.165,2.4093646147,1.7972976557,0.75,24.05,110,101,38,EXERCISE,130,2
203,25.86,1.941,50.198,2.2431922536,1.6912044851999999,0.75,22.39,110,102,37,EXERCISE,130,2
206,24.79,2.146,53.207,2.3281674053000003,1.7535923237,0.75,23.24,109,103,36,EXERCISE,130,2
208,23.44,2.177,51.023,2.340718985,1.7638600508,0.75,23.36,108,100,38,EXERCISE,130,2
211,21.51,2.285,49.14,2.1373113948999998,1.6256610953,0.76,21.33,109,101,38,EXERCISE,130,2
213,24.49,2.123,51.992,2.3060061543000003,1.7151757059,0.74,23.01,109,98,38,EXERCISE,130,2
215,25,2.166,54.15,2.3844956814000002,1.7732912747,0.74,23.8,108,102,37,EXERCISE,130,2
218,23.08,2.254,52.015,2.2864124876000003,1.7406812259,0.76,22.82,107,100,37,EXERCISE,130,2
221,22.3,1.989,44.364,1.9722171586,1.5095882284,0.77,19.68,107,102,38,EXERCISE,130,2
223,22.73,2.283,51.886,2.2727198235,1.704870429,0.75,22.68,107,100,38,EXERCISE,130,2
225,26.91,2.145,57.713,2.6980603616,2.001267628,0.74,26.93,108,101,38,EXERCISE,130,2
228,27.4,1.967,53.89,2.3612722847,1.7644304461,0.75,23.57,107,103,37,EXERCISE,130,2
230,24.49,2.043,50.033,2.1026653366,1.6430627536,0.78,20.98,107,102,37,EXERCISE,130,2
233,25.86,1.816,46.966,1.9311975145,1.5389197932,0.8,19.27,107,102,38,EXERCISE,130,2
238,11.52,2.503,28.825,1.2080111728,0.9876012196,0.82,12.06,104,100,39,EXERCISE,130,2
240,27.52,1.702,46.844,2.5314935091,1.8071085926000001,0.71,25.26,102,91,42,EXERCISE,130,2
243,26.55,1.823,48.398,2.5421616218999996,1.7351899105,0.68,25.37,103,95,40,EXERCISE,130,2
245,20.34,2.262,46.007,2.1863288057999997,1.6036184978999999,0.73,21.82,109,97,39,EXERCISE,130,2
248,27.15,2.371,64.371,2.7857279474000003,2.0588474176,0.74,27.8,109,101,37,EXERCISE,130,2
250,26.55,2.484,65.947,2.7707867042,2.0798796333,0.75,27.65,107,102,37,EXERCISE,130,2
252,27.52,2.174,59.835,2.4527330282,1.8628118476,0.76,24.48,108,103,36,EXERCISE,130,2
255,27.27,2.343,63.9,2.7227667424,2.0545283739999998,0.75,27.17,109,103,37,EXERCISE,130,2
257,25.42,2.306,58.627,2.4966651387,1.9397407954,0.78,24.92,109,103,37,EXERCISE,130,2
260,23.9,2.098,50.151,2.0758603637,1.6331173882999999,0.79,20.72,110,104,37,EXERCISE,130,2
262,25.21,1.829,46.109,2.0050078747,1.5559124257999999,0.78,20.01,110,101,38,EXERCISE,130,2
264,30.46,1.78,54.213,2.3379678512999997,1.7554861641,0.75,23.33,111,102,38,EXERCISE,130,2
265,27.91,2.118,59.107,2.4979226639,1.8717814726,0.75,24.93,111,102,37,EXERCISE,130,2
267,26.67,2.204,58.773,2.3668898636,1.7967860508000002,0.76,23.62,110,104,36,EXERCISE,130,2
270,27.78,2.174,60.389,2.4801607491,1.9014870014,0.77,24.75,110,105,36,EXERCISE,130,2
272,26.2,1.984,51.983,2.1357241741,1.6722830032,0.78,21.31,110,104,37,EXERCISE,130,2
274,28.17,1.841,51.859,2.1144142933,1.6437326925,0.78,21.1,109,104,37,EXERCISE,130,2
277,20.69,2.376,49.159,2.4800026869,1.8276433618,0.74,24.75,110,97,39,EXERCISE,130,2
280,18.46,2.032,37.514,1.5214126769,1.2101390831999999,0.8,15.18,111,102,37,EXERCISE,130,2
284,20.91,2.307,48.23,2.0447440868999998,1.6162024754,0.79,20.41,112,103,37,EXERCISE,130,2
286,29.27,1.767,51.717,2.1040983099,1.6257307510999999,0.77,21,113,103,37,EXERCISE,130,2
287,26.67,2.053,54.747,2.3532032795,1.8019870946,0.77,23.49,111,102,37,EXERCISE,130,2
289,28.85,2.063,59.51,2.4243407428,1.8519464928,0.76,24.2,111,104,37,EXERCISE,130,2
292,27.15,2.289,62.145,2.5285403311,1.9764485993,0.78,25.23,111,105,36,EXERCISE,130,2
294,26.43,1.87,49.427,2.0246861614,1.6007825802,0.79,20.21,111,105,36,EXERCISE,130,2
296,32.43,1.873,60.746,2.4731778641,1.8949970441000001,0.77,24.68,111,104,37,EXERCISE,130,2
299,22.9,2.019,46.237,2.0436383221,1.5855077648,0.78,20.4,111,102,38,EXERCISE,130,2
301,24,2.005,48.12,2.1803732523,1.6713846931,0.77,21.76,111,101,39,EXERCISE,130,2
304,25.32,2.078,52.608,2.3522712565000004,1.8187515895,0.77,23.48,111,102,37,EXERCISE,130,2
306,22.06,2.065,45.551,1.9645711825999999,1.5484533174000001,0.79,19.61,110,100,38,EXERCISE,130,2
309,23.17,2.034,47.12,2.0444158434,1.552154408,0.76,20.4,110,100,39,EXERCISE,130,2
311,23.62,2.03,47.953,2.1578655508,1.6177231893000001,0.75,21.54,112,100,39,EXERCISE,130,2
314,28.04,2.244,62.916,2.7045705706,2.0136797305,0.74,26.99,112,101,37,EXERCISE,130,2
316,25.32,2.054,52,2.3361295246,1.7754455057,0.76,23.31,111,102,38,EXERCISE,130,2
319,27.27,1.839,50.155,2.246640858,1.6742025688000002,0.75,22.42,111,101,38,EXERCISE,130,2
321,27.91,1.966,54.865,2.4542926757,1.8407932857,0.75,24.49,113,100,38,EXERCISE,130,2
323,33.9,1.815,61.525,2.4558366984999997,1.8863869529000001,0.77,24.51,113,103,36,EXERCISE,130,2
324,34.68,1.282,44.462,1.7988045996000002,1.292045511,0.72,17.95,112,102,36,EXERCISE,130,2
326,34.68,1.21,41.965,1.6616345448,1.1876600408,0.71,16.58,112,102,36,EXERCISE,130,2
329,23.81,2.312,55.048,2.5452581808,1.8848717177,0.74,25.4,112,101,38,EXERCISE,130,2
331,24.49,2.586,63.331,2.6758260053,1.9973475191,0.75,26.7,112,102,37,EXERCISE,130,2
333,25,2.378,59.45,2.4723396026,1.8495188831999998,0.75,24.67,115,102,37,EXERCISE,130,2
336,27.4,2.147,58.822,2.3578394404000003,1.7681180082999999,0.75,23.53,114,103,36,EXERCISE,130,2
338,25.21,2.446,61.664,2.5270478764999997,1.9173333224,0.76,25.22,112,103,37,EXERCISE,130,2
339,28.85,1.919,55.356,2.4065105450999997,1.8414159416,0.77,24.02,110,103,37,EXERCISE,130,2
343,24.69,2.056,50.765,2.164999288,1.6789443555,0.78,21.61,108,103,37,EXERCISE,130,2
345,25.64,2.263,58.026,2.3867108988999997,1.8394037576,0.77,23.82,109,103,37,EXERCISE,130,2
346,25.53,2.054,52.443,2.1520242377,1.6523243059,0.77,21.48,114,103,37,EXERCISE,130,2
351,19.61,1.988,38.98,1.735065627,1.3367128560000001,0.77,17.32,113,101,38,EXERCISE,130,2
353,18.07,2.039,36.849,1.8589741754,1.3460129076,0.72,18.55,114,93,41,EXERCISE,130,2
355,26.91,2.005,53.946,2.6564635636,1.8628046,0.7,26.51,116,98,38,EXERCISE,130,2
358,27.65,2.017,55.77,2.5620906086999997,1.8616726001,0.73,25.57,119,101,37,EXERCISE,130,2
360,30.3,2.012,60.97,2.6594124944999997,1.9654588724,0.74,26.54,115,102,36,EXERCISE,130,2
361,27.52,2.188,60.22,2.4300659577,1.8504042194,0.76,24.25,113,104,36,EXERCISE,130,2
365,25.97,2.445,63.506,2.5665232528,1.9830822029000001,0.77,25.61,113,104,36,EXERCISE,130,2
367,25.53,2.348,59.949,2.3485321398,1.8312645879,0.78,23.44,115,103,37,EXERCISE,130,2
368,25.97,2.161,56.13,2.2103599265,1.750605475,0.79,22.06,116,104,37,EXERCISE,130,2
372,23.81,2.269,54.024,2.123553376,1.6750424296000002,0.79,21.19,116,104,37,EXERCISE,130,2
373,25.75,2.026,52.172,2.142388157,1.6962135249,0.79,21.38,115,103,38,EXERCISE,130,2
375,25.64,1.998,51.231,2.1002633339,1.6007217487,0.76,20.96,117,103,37,EXERCISE,130,2
378,23.9,2.295,54.861,2.3815846201,1.8264704317,0.77,23.77,118,102,38,EXERCISE,130,2
380,25.53,2.223,56.757,2.360463769,1.7982268005000002,0.76,23.56,119,102,38,EXERCISE,130,2
383,23.9,2.253,53.857,2.3671022353,1.8031002722,0.76,23.62,119,99,39,EXERCISE,130,2
385,25.32,2.139,54.152,2.377642108,1.7522331638000002,0.74,23.73,117,101,38,EXERCISE,130,2
388,29.41,2.319,68.206,2.8232816594,2.1409910362,0.76,28.18,117,103,37,EXERCISE,130,2
390,23.08,2.169,50.054,2.0630377544,1.5819864657999998,0.77,20.59,114,103,37,EXERCISE,130,2
392,23.53,2.085,49.059,2.151517556,1.661588479,0.77,21.47,115,102,38,EXERCISE,130,2
395,28.57,1.934,55.257,2.3757879174,1.8097432243,0.76,23.71,113,104,37,EXERCISE,130,2
397,32.09,2.126,68.214,2.6819267533000004,2.0461898841,0.76,26.77,112,104,36,EXERCISE,130,2
398,28.71,2.244,64.421,2.4819802524,1.9439696879000001,0.78,24.77,111,105,36,EXERCISE,130,2
402,23.26,1.742,40.512,1.6603691650999999,1.308272207,0.79,16.57,111,101,39,EXERCISE,130,2
405,21.35,2.567,54.811,2.3528238495,1.8407242174,0.78,23.48,113,101,38,EXERCISE,130,2
407,25.32,2.502,63.342,2.5548127586000002,1.9635549978,0.77,25.5,113,103,37,EXERCISE,130,2
409,24.49,2.472,60.539,2.4669845703,1.924740613,0.78,24.62,112,103,37,EXERCISE,130,2
412,21.51,1.976,42.495,1.8888867389,1.4855283032,0.79,18.85,112,102,38,EXERCISE,130,2
415,25.53,1.73,44.17,1.9419485801999998,1.4714147402000002,0.76,19.38,113,100,39,EXERCISE,130,2
417,24.49,1.845,45.184,2.0313976933999998,1.5348755345,0.76,20.27,113,99,39,EXERCISE,130,2
419,27.4,1.977,54.164,2.4748738279999998,1.8699616351,0.76,24.7,112,100,39,EXERCISE,130,2
422,19.93,2.881,57.429,2.4791855158,1.9358576973,0.78,24.74,113,102,38,EXERCISE,130,2
424,25.86,2.112,54.621,2.1854129623,1.6895584617,0.77,21.81,116,103,37,EXERCISE,130,2
427,26.67,2.11,56.267,2.2756582097,1.7259243338,0.76,22.71,115,102,37,EXERCISE,130,2
429,28.3,2.008,56.83,2.2527093368999997,1.7317541215,0.77,22.48,113,103,37,EXERCISE,130,2
431,28.17,2.309,65.042,2.594060822,2.0112945493,0.78,25.89,114,104,37,EXERCISE,130,2
434,25.75,2.389,61.519,2.5188776118000002,1.9506345341000002,0.77,25.14,114,104,37,EXERCISE,130,2
436,21.51,1.845,39.677,1.8308053571,1.4171815471,0.77,18.27,115,101,39,EXERCISE,130,2
439,24.29,2.015,48.947,2.33653272,1.7434773787,0.75,23.32,116,99,39,EXERCISE,130,2
441,23.44,2.167,50.789,2.3790929162000003,1.8009247636,0.76,23.74,114,99,39,EXERCISE,130,2
444,26.09,2.506,65.374,2.7765000252,2.1385425795,0.77,27.71,112,102,37,EXERCISE,130,2
446,29.27,2.349,68.751,2.6461371522999997,2.0574900213,0.78,26.41,113,105,35,EXERCISE,130,2
448,28.57,2.283,65.229,2.6539103746,2.1020134701,0.79,26.49,114,105,36,EXERCISE,130,2
449,30.3,1.892,57.333,2.1611207188,1.698848773,0.79,21.57,114,105,36,EXERCISE,130,2
451,33.71,2.066,69.64,2.5956621094,2.0094530608,0.77,25.9,114,106,35,EXERCISE,130,2
454,28.85,2.078,59.942,2.277106252,1.8028173757,0.79,22.73,114,105,36,EXERCISE,130,2
456,30.93,1.871,57.866,2.0858897498999998,1.6498060228,0.79,20.82,115,107,35,EXERCISE,130,2
458,31.58,1.864,58.863,2.1745250697,1.7312081633,0.8,21.7,115,106,36,EXERCISE,130,2
459,34.88,1.913,66.733,2.5321486995,1.9950841724,0.79,25.27,115,108,34,EXERCISE,130,2
461,30.61,2.129,65.173,2.2871303835,1.8652374838999999,0.82,22.83,115,110,33,EXERCISE,130,2
463,29.85,1.88,56.119,2.0341290684,1.6510878263,0.81,20.3,115,107,35,EXERCISE,130,2
466,22.39,2.075,46.455,1.9514328924,1.5957414273,0.82,19.48,116,104,38,EXERCISE,130,2
468,28.44,1.868,53.118,2.0968488641,1.6288613222,0.78,20.93,115,103,37,EXERCISE,130,2
469,25.53,1.927,49.2,1.9825435699,1.5334734645,0.77,19.79,115,103,37,EXERCISE,130,2
473,23.17,2.069,47.931,2.0428004471,1.5770749509,0.77,20.39,116,102,37,EXERCISE,130,2
474,29.7,2.062,61.248,2.6492793961000003,1.9977463527,0.75,26.44,116,102,37,EXERCISE,130,2
478,23.44,2.085,48.867,2.1289838923000004,1.6493312009,0.77,21.25,114,104,37,EXERCISE,130,2
478,34.88,1.922,67.047,2.7074289317,2.0337676591,0.75,27.02,113,104,36,EXERCISE,130,2
481,25.42,2.348,59.695,2.4323440143,1.8774295207,0.77,24.27,111,103,37,EXERCISE,130,2
483,26.32,2.009,52.868,2.0607928879,1.5838435007999998,0.77,20.57,110,105,36,EXERCISE,130,2
486,27.78,2.105,58.472,2.3254755488,1.8085438870000001,0.78,23.21,111,105,36,EXERCISE,130,2
488,25.42,2.321,59.008,2.2430129759,1.7547551549,0.78,22.39,112,105,36,EXERCISE,130,2
491,28.04,2.078,58.262,2.263139739,1.7614635981,0.78,22.59,112,104,36,EXERCISE,130,2
493,29.85,2.167,64.687,2.4471135106000004,1.8920915036,0.77,24.42,112,106,35,EXERCISE,130,2
495,25.75,2.029,52.249,1.9726391587999998,1.5335325602,0.78,19.69,113,105,36,EXERCISE,130,2
497,23.81,2.016,48,2.0524201111,1.5800713775,0.77,20.48,114,102,38,EXERCISE,130,2
500,27.4,2.094,57.37,2.3005344285000002,1.7436387268,0.76,22.96,114,103,37,EXERCISE,130,2
501,26.32,2.032,53.474,2.3463503077,1.7959751476999999,0.77,23.42,114,103,37,EXERCISE,130,2
503,27.4,1.969,53.945,2.170548767,1.6385662970000001,0.75,21.66,113,103,37,EXERCISE,130,2
507,22.64,1.844,41.751,1.8811694694,1.4344708608999999,0.76,18.77,117,101,38,EXERCISE,130,2
508,29.41,1.901,55.912,2.5073254176,1.8413973526,0.73,25.02,119,101,38,EXERCISE,130,2
510,30.3,2.058,62.364,2.5879452786000003,1.9222918126,0.74,25.83,118,103,36,EXERCISE,130,2
512,27.78,1.912,53.111,2.1261527769,1.6094723975,0.76,21.22,116,103,37,EXERCISE,130,2
515,28.57,2.16,61.714,2.554853403,1.9465338233,0.76,25.5,118,103,37,EXERCISE,130,2
517,24.49,2.141,52.433,2.1231438364,1.622701955,0.76,21.19,120,102,37,EXERCISE,130,2
520,26.91,2.039,54.861,2.2672899329000002,1.7170194865000001,0.76,22.63,121,101,38,EXERCISE,130,2
522,25,2.411,60.275,2.5216804604,1.930215414,0.77,25.17,121,104,37,EXERCISE,130,2
524,33.71,2.147,72.371,2.8015226584,2.1283804872000003,0.76,27.96,121,105,36,EXERCISE,130,2
525,30.46,2.32,70.66,2.6566185479,2.0571695999,0.77,26.51,120,106,35,EXERCISE,130,2
527,32.97,2.23,73.516,2.7485219091,2.1460751303000003,0.78,27.43,120,107,35,EXERCISE,130,2
530,23.17,2.231,51.683,2.0905340999,1.6771971418999998,0.8,20.86,120,103,38,EXERCISE,130,2
532,25.97,2.251,58.468,2.3578466081,1.8654865547,0.79,23.53,118,106,36,EXERCISE,130,2
535,29.41,2.25,66.176,2.484610552,1.9700407243,0.79,24.8,117,110,32,EXERCISE,130,2
537,25.42,2.193,55.754,2.1214622474,1.7198488777,0.81,21.17,118,106,36,EXERCISE,130,2
539,26.2,2.473,64.795,2.4759655858,1.9947509482999999,0.81,24.71,118,106,36,EXERCISE,130,2
542,26.43,1.939,51.251,1.9096947149,1.5376091425,0.81,19.06,118,106,35,EXERCISE,130,2
544,26.67,2.107,56.187,2.2065187294000004,1.7605475599,0.8,22.02,118,105,36,EXERCISE,130,2
545,26.32,2.248,59.158,2.3139183473,1.8123236282,0.78,23.09,119,104,37,EXERCISE,130,2
547,26.91,2.315,62.287,2.6342551642,2.0733861674,0.79,26.29,119,104,37,EXERCISE,130,2
550,23.08,1.987,45.854,1.8035929559000001,1.3971560515,0.77,18,118,104,36,EXERCISE,130,2
552,26.79,2.149,57.562,2.4461051829,1.8824681,0.77,24.41,119,103,37,EXERCISE,130,2
554,27.15,2.007,54.489,2.2504355907,1.7082029259,0.76,22.46,118,103,37,EXERCISE,130,2
557,23.81,1.961,46.69,1.7967336562,1.3927820942,0.78,17.93,118,104,37,EXERCISE,130,2
560,22.99,2.432,55.908,2.4885041225,1.8984215733999998,0.76,24.84,119,101,38,EXERCISE,130,2
563,21.51,1.991,42.817,1.8215290930999999,1.3884339928,0.76,18.18,120,101,38,EXERCISE,130,2
566,26.09,1.944,50.713,2.2643681039,1.7015456751,0.75,22.6,119,100,39,EXERCISE,130,2
567,26.55,2.024,53.735,2.3059665501,1.7136619100000001,0.74,23.01,119,102,37,EXERCISE,130,2
570,24.29,1.8,43.725,1.9538689004,1.4728271287,0.75,19.5,119,100,38,EXERCISE,130,2
572,23.72,2.195,52.055,2.3764393690000003,1.7604997108,0.74,23.72,120,99,39,EXERCISE,130,2
575,27.4,2.23,61.096,2.6823677097,1.9559301493,0.73,26.77,121,100,38,EXERCISE,130,2
579,15.83,2.025,32.058,1.5032929563,1.0921194295,0.73,15,118,93,41,EXERCISE,130,2
580,28.99,2.313,67.043,3.2626553206,2.3183566347,0.71,32.56,118,97,39,EXERCISE,130,2
583,25.42,2.25,57.203,2.5155340188,1.8587174287000001,0.74,25.11,120,101,38,EXERCISE,130,2
586,25.75,2.242,57.734,2.355418205,1.7686436134,0.75,23.51,122,103,37,EXERCISE,130,2
587,26.32,2.356,62,2.6109627098,1.9780680618,0.76,26.06,121,103,37,EXERCISE,130,2
590,27.4,2.166,59.342,2.3647539173,1.8129930936,0.77,23.6,119,103,37,EXERCISE,130,2
593,24.29,2.115,51.377,2.1929744274,1.6993451612,0.77,21.89,118,101,38,EXERCISE,130,2
594,23.44,1.807,42.352,1.8503568545,1.425444765,0.77,18.47,118,101,38,EXERCISE,130,2
597,28.44,1.92,54.597,2.445988865,1.8814599372,0.77,24.41,119,100,39,EXERCISE,130,2
